{
  "project_info": {
    "project_number": "886729656642",
    "project_id": "login-6a34a",
    "storage_bucket": "login-6a34a.appspot.com"
  },
  "client": [
    {
      "client_info": {
        "mobilesdk_app_id": "1:886729656642:android:5fbfcb390d5b140436a0db",
        "android_client_info": {
          "package_name": "com.example.loginpages"
        }
      },
      "oauth_client": [
        {
          "client_id": "886729656642-g4gp14e6580irvqvdo8fr0sp3rfo6r8f.apps.googleusercontent.com",
          "client_type": 3
        }
      ],
      "api_key": [
        {
          "current_key": "AIzaSyBUhUhQ4xkNFQ_udjleBY9-rdhnOVFC6ho"
        }
      ],
      "services": {
        "appinvite_service": {
          "other_platform_oauth_client": [
            {
              "client_id": "886729656642-g4gp14e6580irvqvdo8fr0sp3rfo6r8f.apps.googleusercontent.com",
              "client_type": 3
            }
          ]
        }
      }
    }
  ],
  "configuration_version": "1"
}